Source,Target,Label,JsType
4284,"","babel-polyfill","entry"
4284,"","babel-polyfill","entry"
4284,"","babel-polyfill","entry"
4284,"","babel-polyfill","entry"
2576,"","C:\\Users\\IS\\Desktop\\work\\lm\\front\\magfront--cprojects\\frames\\public\\store-location\\index.js","entry"
7142,"","C:\\Users\\IS\\Desktop\\work\\lm\\front\\magfront--cprojects\\frames\\public\\auth-router\\index.js","entry"
6656,"","C:\\Users\\IS\\Desktop\\work\\lm\\front\\magfront--cprojects\\frames\\public\\customer-auth\\index.js","entry"
7693,"","C:\\Users\\IS\\Desktop\\work\\lm\\front\\magfront--cprojects\\frames\\public\\store-set\\index.js","entry"
7748,4284,"core-js/shim","cjs require"
9068,4284,"regenerator-runtime/runtime","cjs require"
9068,9068,"","cjs self exports reference"
9068,9068,"","cjs self exports reference"
9068,9068,"","cjs self exports reference"
4271,4284,"core-js/fn/regexp/escape","cjs require"
"","","./services/Executor","harmony side effect evaluation"
"","","./services/Executor","harmony import specifier"
"","","./Executor","harmony side effect evaluation"
"","","./Executor","harmony import specifier"
"","","./styles.scss","harmony side effect evaluation"
"","","./services/Executor","harmony side effect evaluation"
"","","./services/Executor","harmony import specifier"
"","","./styles.scss","harmony side effect evaluation"
"","","./services/Executor","harmony side effect evaluation"
"","","./services/Executor","harmony import specifier"
"","","./services/Executor","harmony side effect evaluation"
"","","./services/Executor","harmony import specifier"
6316,7748,"./modules/es6.symbol","cjs require"
8815,4271,"../../modules/_core","cjs export require"
8815,8815,"","cjs self exports reference"
8815,5411,"./_core","cjs require"
8815,1659,"./_core","cjs require"
8815,5603,"./_core","cjs full require"
8815,442,"./_core","cjs require"
8815,7897,"./_core","cjs require"
8815,6561,"./_core","cjs full require"
8815,9475,"./_core","cjs require"
8815,6607,"./_core","cjs require"
8815,3457,"./_core","cjs require"
8815,7748,"./modules/_core","cjs export require"
6226,7748,"./modules/es6.object.create","cjs require"
8145,7748,"./modules/es6.object.define-property","cjs require"
7216,7748,"./modules/es6.object.define-properties","cjs require"
703,7748,"./modules/es6.object.get-own-property-descriptor","cjs require"
5058,7748,"./modules/es6.object.get-prototype-of","cjs require"
1894,7748,"./modules/es6.object.keys","cjs require"
2037,7748,"./modules/es6.object.get-own-property-names","cjs require"
6138,7748,"./modules/es6.object.freeze","cjs require"
9115,7748,"./modules/es6.object.seal","cjs require"
911,7748,"./modules/es6.object.prevent-extensions","cjs require"
8446,7748,"./modules/es6.object.is-frozen","cjs require"
1129,7748,"./modules/es6.object.is-sealed","cjs require"
1635,7748,"./modules/es6.object.is-extensible","cjs require"
4039,7748,"./modules/es6.object.assign","cjs require"
954,7748,"./modules/es6.object.is","cjs require"
9682,7748,"./modules/es6.object.set-prototype-of","cjs require"
7377,7748,"./modules/es6.object.to-string","cjs require"
3561,7748,"./modules/es6.function.bind","cjs require"
4515,7748,"./modules/es6.function.name","cjs require"
5153,7748,"./modules/es6.function.has-instance","cjs require"
297,7748,"./modules/es6.parse-int","cjs require"
9637,7748,"./modules/es6.parse-float","cjs require"
8602,7748,"./modules/es6.number.constructor","cjs require"
4478,7748,"./modules/es6.number.to-fixed","cjs require"
9573,7748,"./modules/es6.number.to-precision","cjs require"
9818,7748,"./modules/es6.number.epsilon","cjs require"
4176,7748,"./modules/es6.number.is-finite","cjs require"
7813,7748,"./modules/es6.number.is-integer","cjs require"
96,7748,"./modules/es6.number.is-nan","cjs require"
3546,7748,"./modules/es6.number.is-safe-integer","cjs require"
3357,7748,"./modules/es6.number.max-safe-integer","cjs require"
7645,7748,"./modules/es6.number.min-safe-integer","cjs require"
168,7748,"./modules/es6.number.parse-float","cjs require"
7364,7748,"./modules/es6.number.parse-int","cjs require"
9957,7748,"./modules/es6.math.acosh","cjs require"
1466,7748,"./modules/es6.math.asinh","cjs require"
4969,7748,"./modules/es6.math.atanh","cjs require"
9452,7748,"./modules/es6.math.cbrt","cjs require"
8288,7748,"./modules/es6.math.clz32","cjs require"
5127,7748,"./modules/es6.math.cosh","cjs require"
2421,7748,"./modules/es6.math.expm1","cjs require"
3692,7748,"./modules/es6.math.fround","cjs require"
5937,7748,"./modules/es6.math.hypot","cjs require"
2274,7748,"./modules/es6.math.imul","cjs require"
7953,7748,"./modules/es6.math.log10","cjs require"
3887,7748,"./modules/es6.math.log1p","cjs require"
6156,7748,"./modules/es6.math.log2","cjs require"
6155,7748,"./modules/es6.math.sign","cjs require"
1805,7748,"./modules/es6.math.sinh","cjs require"
2189,7748,"./modules/es6.math.tanh","cjs require"
3574,7748,"./modules/es6.math.trunc","cjs require"
2222,7748,"./modules/es6.string.from-code-point","cjs require"
3682,7748,"./modules/es6.string.raw","cjs require"
1457,7748,"./modules/es6.string.trim","cjs require"
2964,7748,"./modules/es6.string.iterator","cjs require"
4226,7748,"./modules/es6.string.code-point-at","cjs require"
2278,7748,"./modules/es6.string.ends-with","cjs require"
7251,7748,"./modules/es6.string.includes","cjs require"
4652,7748,"./modules/es6.string.repeat","cjs require"
6764,7748,"./modules/es6.string.starts-with","cjs require"
5023,7748,"./modules/es6.string.anchor","cjs require"
610,7748,"./modules/es6.string.big","cjs require"
5087,7748,"./modules/es6.string.blink","cjs require"
4363,7748,"./modules/es6.string.bold","cjs require"
4156,7748,"./modules/es6.string.fixed","cjs require"
2496,7748,"./modules/es6.string.fontcolor","cjs require"
907,7748,"./modules/es6.string.fontsize","cjs require"
3620,7748,"./modules/es6.string.italics","cjs require"
8034,7748,"./modules/es6.string.link","cjs require"
5583,7748,"./modules/es6.string.small","cjs require"
9827,7748,"./modules/es6.string.strike","cjs require"
8347,7748,"./modules/es6.string.sub","cjs require"
2594,7748,"./modules/es6.string.sup","cjs require"
1669,7748,"./modules/es6.date.now","cjs require"
2541,7748,"./modules/es6.date.to-json","cjs require"
9410,7748,"./modules/es6.date.to-iso-string","cjs require"
8051,7748,"./modules/es6.date.to-string","cjs require"
3927,7748,"./modules/es6.date.to-primitive","cjs require"
4481,7748,"./modules/es6.array.is-array","cjs require"
3890,7748,"./modules/es6.array.from","cjs require"
4058,7748,"./modules/es6.array.of","cjs require"
5593,7748,"./modules/es6.array.join","cjs require"
8439,7748,"./modules/es6.array.slice","cjs require"
4557,7748,"./modules/es6.array.sort","cjs require"
2561,7748,"./modules/es6.array.for-each","cjs require"
5432,7748,"./modules/es6.array.map","cjs require"
6773,7748,"./modules/es6.array.filter","cjs require"
9461,7748,"./modules/es6.array.some","cjs require"
5931,7748,"./modules/es6.array.every","cjs require"
4007,7748,"./modules/es6.array.reduce","cjs require"
5962,7748,"./modules/es6.array.reduce-right","cjs require"
8390,7748,"./modules/es6.array.index-of","cjs require"
8983,7748,"./modules/es6.array.last-index-of","cjs require"
6748,7748,"./modules/es6.array.copy-within","cjs require"
1820,7748,"./modules/es6.array.fill","cjs require"
8909,7748,"./modules/es6.array.find","cjs require"
2562,7748,"./modules/es6.array.find-index","cjs require"
4052,7748,"./modules/es6.array.species","cjs require"
1006,7804,"./es6.array.iterator","cjs require"
1006,1006,"","cjs self exports reference"
1006,5433,"./es6.array.iterator","cjs require"
1006,7748,"./modules/es6.array.iterator","cjs require"
9865,7748,"./modules/es6.regexp.constructor","cjs require"
3562,1203,"./es6.regexp.exec","cjs require"
3562,7748,"./modules/es6.regexp.exec","cjs require"
2547,7748,"./modules/es6.regexp.to-string","cjs require"
7970,2547,"./es6.regexp.flags","cjs require"
7970,7748,"./modules/es6.regexp.flags","cjs require"
3309,7748,"./modules/es6.regexp.match","cjs require"
9724,7748,"./modules/es6.regexp.replace","cjs require"
1344,7748,"./modules/es6.regexp.search","cjs require"
8203,7748,"./modules/es6.regexp.split","cjs require"
9475,7748,"./modules/es6.promise","cjs require"
1947,7886,"./es6.map","cjs require"
1947,1947,"","cjs self exports reference"
1947,7748,"./modules/es6.map","cjs require"
6111,6111,"","cjs self exports reference"
6111,333,"./es6.set","cjs require"
6111,7748,"./modules/es6.set","cjs require"
4473,7886,"./es6.weak-map","cjs require"
4473,4473,"","cjs self exports reference"
4473,7748,"./modules/es6.weak-map","cjs require"
1601,7748,"./modules/es6.weak-set","cjs require"
9872,7748,"./modules/es6.typed.array-buffer","cjs require"
5361,7748,"./modules/es6.typed.data-view","cjs require"
7531,7748,"./modules/es6.typed.int8-array","cjs require"
2486,7748,"./modules/es6.typed.uint8-array","cjs require"
1312,7748,"./modules/es6.typed.uint8-clamped-array","cjs require"
3090,7748,"./modules/es6.typed.int16-array","cjs require"
5455,7748,"./modules/es6.typed.uint16-array","cjs require"
2362,7748,"./modules/es6.typed.int32-array","cjs require"
2139,7748,"./modules/es6.typed.uint32-array","cjs require"
6069,7748,"./modules/es6.typed.float32-array","cjs require"
7694,7748,"./modules/es6.typed.float64-array","cjs require"
983,7748,"./modules/es6.reflect.apply","cjs require"
5176,7748,"./modules/es6.reflect.construct","cjs require"
2651,7748,"./modules/es6.reflect.define-property","cjs require"
6366,7748,"./modules/es6.reflect.delete-property","cjs require"
3469,7748,"./modules/es6.reflect.enumerate","cjs require"
7471,7748,"./modules/es6.reflect.get","cjs require"
2686,7748,"./modules/es6.reflect.get-own-property-descriptor","cjs require"
6599,7748,"./modules/es6.reflect.get-prototype-of","cjs require"
7889,7748,"./modules/es6.reflect.has","cjs require"
9506,7748,"./modules/es6.reflect.is-extensible","cjs require"
7486,7748,"./modules/es6.reflect.own-keys","cjs require"
6367,7748,"./modules/es6.reflect.prevent-extensions","cjs require"
5128,7748,"./modules/es6.reflect.set","cjs require"
3685,7748,"./modules/es6.reflect.set-prototype-of","cjs require"
8340,7748,"./modules/es7.array.includes","cjs require"
5660,7748,"./modules/es7.array.flat-map","cjs require"
5720,7748,"./modules/es7.array.flatten","cjs require"
3585,7748,"./modules/es7.string.at","cjs require"
145,7748,"./modules/es7.string.pad-start","cjs require"
621,7748,"./modules/es7.string.pad-end","cjs require"
1500,7748,"./modules/es7.string.trim-left","cjs require"
493,7748,"./modules/es7.string.trim-right","cjs require"
8453,7748,"./modules/es7.string.match-all","cjs require"
9418,7748,"./modules/es7.symbol.async-iterator","cjs require"
9225,7748,"./modules/es7.symbol.observable","cjs require"
2469,7748,"./modules/es7.object.get-own-property-descriptors","cjs require"
6429,7748,"./modules/es7.object.values","cjs require"
8636,7748,"./modules/es7.object.entries","cjs require"
2433,7748,"./modules/es7.object.define-getter","cjs require"
685,7748,"./modules/es7.object.define-setter","cjs require"
2216,7748,"./modules/es7.object.lookup-getter","cjs require"
4887,7748,"./modules/es7.object.lookup-setter","cjs require"
6474,7748,"./modules/es7.map.to-json","cjs require"
5268,7748,"./modules/es7.set.to-json","cjs require"
9811,7748,"./modules/es7.map.of","cjs require"
3183,7748,"./modules/es7.set.of","cjs require"
856,7748,"./modules/es7.weak-map.of","cjs require"
425,7748,"./modules/es7.weak-set.of","cjs require"
8323,7748,"./modules/es7.map.from","cjs require"
3452,7748,"./modules/es7.set.from","cjs require"
792,7748,"./modules/es7.weak-map.from","cjs require"
3315,7748,"./modules/es7.weak-set.from","cjs require"
3799,7748,"./modules/es7.global","cjs require"
9170,7748,"./modules/es7.system.global","cjs require"
1792,7748,"./modules/es7.error.is-error","cjs require"
5136,7748,"./modules/es7.math.clamp","cjs require"
7887,7748,"./modules/es7.math.deg-per-rad","cjs require"
4071,7748,"./modules/es7.math.degrees","cjs require"
1040,7748,"./modules/es7.math.fscale","cjs require"
4620,7748,"./modules/es7.math.iaddh","cjs require"
5515,7748,"./modules/es7.math.isubh","cjs require"
4101,7748,"./modules/es7.math.imulh","cjs require"
2307,7748,"./modules/es7.math.rad-per-deg","cjs require"
7963,7748,"./modules/es7.math.radians","cjs require"
2607,7748,"./modules/es7.math.scale","cjs require"
409,7748,"./modules/es7.math.umulh","cjs require"
9926,7748,"./modules/es7.math.signbit","cjs require"
3457,7748,"./modules/es7.promise.finally","cjs require"
5020,7748,"./modules/es7.promise.try","cjs require"
8831,7748,"./modules/es7.reflect.define-metadata","cjs require"
6319,7748,"./modules/es7.reflect.delete-metadata","cjs require"
2329,7748,"./modules/es7.reflect.get-metadata","cjs require"
333,7748,"./modules/es7.reflect.get-metadata-keys","cjs require"
2616,7748,"./modules/es7.reflect.get-own-metadata","cjs require"
6560,7748,"./modules/es7.reflect.get-own-metadata-keys","cjs require"
5781,7748,"./modules/es7.reflect.has-metadata","cjs require"
86,7748,"./modules/es7.reflect.has-own-metadata","cjs require"
7567,7748,"./modules/es7.reflect.metadata","cjs require"
4018,7748,"./modules/es7.asap","cjs require"
6607,7748,"./modules/es7.observable","cjs require"
4110,7748,"./modules/web.timers","cjs require"
2077,7748,"./modules/web.immediate","cjs require"
5433,7748,"./modules/web.dom.iterable","cjs require"
538,4271,"../../modules/core.regexp.escape","cjs require"
"","","@babel/runtime/helpers/defineProperty","harmony side effect evaluation"
"","","@babel/runtime/helpers/defineProperty","harmony import specifier"
"","","@babel/runtime/helpers/defineProperty","harmony import specifier"
"","","@babel/runtime/helpers/defineProperty","harmony import specifier"
"","","@babel/runtime/helpers/defineProperty","harmony import specifier"
"","","@babel/runtime/helpers/defineProperty","harmony side effect evaluation"
"","","@babel/runtime/helpers/defineProperty","harmony import specifier"
"","","@babel/runtime/helpers/defineProperty","harmony import specifier"
"","","@babel/runtime/helpers/defineProperty","harmony import specifier"
"","","@babel/runtime/helpers/defineProperty","harmony side effect evaluation"
"","","@babel/runtime/helpers/defineProperty","harmony import specifier"
"","","@babel/runtime/helpers/defineProperty","harmony side effect evaluation"
"","","@babel/runtime/helpers/defineProperty","harmony import specifier"
"","","@babel/runtime/helpers/defineProperty","harmony side effect evaluation"
"","","@babel/runtime/helpers/defineProperty","harmony import specifier"
"","","@babel/runtime/helpers/defineProperty","harmony side effect evaluation"
"","","@babel/runtime/helpers/defineProperty","harmony import specifier"
"","","@babel/runtime/helpers/defineProperty","harmony side effect evaluation"
"","","@babel/runtime/helpers/defineProperty","harmony import specifier"
"","","@babel/runtime/helpers/defineProperty","harmony import specifier"
"","","@babel/runtime/helpers/defineProperty","harmony side effect evaluation"
"","","@babel/runtime/helpers/defineProperty","harmony import specifier"
"","","@babel/runtime/helpers/defineProperty","harmony side effect evaluation"
"","","@babel/runtime/helpers/defineProperty","harmony import specifier"
"","","@babel/runtime/helpers/defineProperty","harmony import specifier"
"","","@babel/runtime/helpers/defineProperty","harmony import specifier"
"","","@babel/runtime/helpers/defineProperty","harmony side effect evaluation"
"","","@babel/runtime/helpers/defineProperty","harmony import specifier"
"","","@babel/runtime/helpers/defineProperty","harmony side effect evaluation"
"","","@babel/runtime/helpers/defineProperty","harmony import specifier"
"","","@babel/runtime/helpers/defineProperty","harmony side effect evaluation"
"","","@babel/runtime/helpers/defineProperty","harmony import specifier"
"","","@babel/runtime/helpers/defineProperty","harmony side effect evaluation"
"","","@babel/runtime/helpers/defineProperty","harmony import specifier"
"","","@babel/runtime/helpers/defineProperty","harmony import specifier"
"","","@babel/runtime/helpers/defineProperty","harmony side effect evaluation"
"","","@babel/runtime/helpers/defineProperty","harmony import specifier"
"","","@babel/runtime/helpers/defineProperty","harmony side effect evaluation"
"","","@babel/runtime/helpers/defineProperty","harmony import specifier"
"","","@babel/runtime/helpers/defineProperty","harmony import specifier"
"","","@babel/runtime/helpers/defineProperty","harmony side effect evaluation"
"","","@babel/runtime/helpers/defineProperty","harmony import specifier"
"","","@babel/runtime/helpers/defineProperty","harmony import specifier"
"","","@babel/runtime/helpers/defineProperty","harmony import specifier"
"","","@babel/runtime/helpers/defineProperty","harmony side effect evaluation"
"","","@babel/runtime/helpers/defineProperty","harmony import specifier"
"","","@babel/runtime/helpers/defineProperty","harmony import specifier"
"","","@babel/runtime/helpers/defineProperty","harmony import specifier"
"","","@babel/runtime/helpers/defineProperty","harmony import specifier"
"","","@babel/runtime/helpers/defineProperty","harmony import specifier"
"","","@babel/runtime/helpers/defineProperty","harmony import specifier"
"","","@babel/runtime/helpers/defineProperty","harmony import specifier"
"","","@babel/runtime/helpers/defineProperty","harmony import specifier"
"","","@babel/runtime/helpers/defineProperty","harmony import specifier"
"","","@babel/runtime/helpers/defineProperty","harmony import specifier"
"","","@babel/runtime/helpers/defineProperty","harmony side effect evaluation"
"","","@babel/runtime/helpers/defineProperty","harmony import specifier"
"","","@babel/runtime/helpers/defineProperty","harmony import specifier"
"","","@babel/runtime/helpers/defineProperty","harmony side effect evaluation"
"","","@babel/runtime/helpers/defineProperty","harmony import specifier"
"","","@babel/runtime/helpers/defineProperty","harmony side effect evaluation"
"","","@babel/runtime/helpers/defineProperty","harmony import specifier"
"","","@babel/runtime/helpers/defineProperty","harmony import specifier"
"","","@babel/runtime/helpers/defineProperty","harmony import specifier"
"","","@babel/runtime/helpers/defineProperty","harmony side effect evaluation"
"","","@babel/runtime/helpers/defineProperty","harmony import specifier"
"","","@babel/runtime/helpers/defineProperty","harmony import specifier"
"","","@babel/runtime/helpers/defineProperty","harmony import specifier"
"","","@babel/runtime/helpers/defineProperty","harmony side effect evaluation"
"","","@babel/runtime/helpers/defineProperty","harmony import specifier"
"","","@babel/runtime/helpers/defineProperty","harmony import specifier"
"","","@babel/runtime/helpers/defineProperty","harmony import specifier"
"","","@babel/runtime/helpers/defineProperty","harmony import specifier"
"","","@babel/runtime/helpers/defineProperty","harmony import specifier"
"","","@babel/runtime/helpers/defineProperty","harmony import specifier"
"","","@babel/runtime/helpers/defineProperty","harmony import specifier"
"","","@babel/runtime/helpers/defineProperty","harmony import specifier"
"","","@babel/runtime/helpers/defineProperty","harmony import specifier"
"","","@babel/runtime/helpers/defineProperty","harmony import specifier"
"","","@babel/runtime/helpers/defineProperty","harmony side effect evaluation"
"","","@babel/runtime/helpers/defineProperty","harmony import specifier"
"","","@babel/runtime/helpers/defineProperty","harmony import specifier"
"","","@babel/runtime/helpers/defineProperty","harmony import specifier"
"","","@babel/runtime/helpers/defineProperty","harmony import specifier"
"","","@babel/runtime/helpers/defineProperty","harmony import specifier"
"","","@babel/runtime/helpers/defineProperty","harmony import specifier"
"","","@babel/runtime/helpers/defineProperty","harmony import specifier"
"","","@babel/runtime/helpers/defineProperty","harmony import specifier"
"","","@babel/runtime/helpers/defineProperty","harmony import specifier"
"","","@babel/runtime/helpers/defineProperty","harmony side effect evaluation"
"","","@babel/runtime/helpers/defineProperty","harmony import specifier"
"","","../models/DomManipulator","harmony side effect evaluation"
"","","../models/DomManipulator","harmony import specifier"
"","","../services/Dictionary","harmony side effect evaluation"
"","","../services/Dictionary","harmony import specifier"
"","","./Dictionary","harmony side effect evaluation"
"","","./Dictionary","harmony import specifier"
"","","./constants","harmony side effect evaluation"
"","","./constants","harmony import specifier"
"","","../../constants","harmony side effect evaluation"
"","","../../constants","harmony import specifier"
"","","../../constants","harmony import specifier"
"","","../../constants","harmony import specifier"
"","","../../constants","harmony import specifier"
"","","../../../constants","harmony side effect evaluation"
"","","../../../constants","harmony import specifier"
"","","../../../constants","harmony import specifier"
"","","../../../constants","harmony import specifier"
"","","../../constants","harmony side effect evaluation"
"","","../../constants","harmony import specifier"
"","","../../constants","harmony side effect evaluation"
"","","../../constants","harmony import specifier"
"","","../../constants","harmony side effect evaluation"
"","","../../constants","harmony import specifier"
"","","../../Storage","harmony side effect evaluation"
"","","../../Storage","harmony import specifier"
"","","../../Storage","harmony import specifier"
"","","../../Storage","harmony side effect evaluation"
"","","../../Storage","harmony import specifier"
"","","../../Storage","harmony side effect evaluation"
"","","../../Storage","harmony import specifier"
"","","../../Storage","harmony import specifier"
"","","../../Storage","harmony side effect evaluation"
"","","../../Storage","harmony import specifier"
"","","../../Storage","harmony side effect evaluation"
"","","../../Storage","harmony import specifier"
"","","../../../Storage","harmony side effect evaluation"
"","","../../../Storage","harmony import specifier"
"","","../../../Storage","harmony side effect evaluation"
"","","../../../Storage","harmony import specifier"
"","","../../../Storage","harmony side effect evaluation"
"","","../../../Storage","harmony import specifier"
"","","../../Storage","harmony side effect evaluation"
"","","../../Storage","harmony import specifier"
"","","../../Storage","harmony side effect evaluation"
"","","../../Storage","harmony import specifier"
"","","../../Storage","harmony import specifier"
"","","../../Storage","harmony import specifier"
"","","../../Storage","harmony side effect evaluation"
"","","../../Storage","harmony import specifier"
"","","../../Storage","harmony import specifier"
"","","../../Storage","harmony side effect evaluation"
"","","../../Storage","harmony import specifier"
"","","../../../RegionSender","harmony side effect evaluation"
"","","../../../RegionSender","harmony import specifier"
"","","../../RegionSender","harmony side effect evaluation"
"","","../../RegionSender","harmony import specifier"
"","","./FrameHelper","harmony side effect evaluation"
"","","./FrameHelper","harmony import specifier"
"","","./FrameHelper","harmony import specifier"
"","","../../FrameHelper","harmony side effect evaluation"
"","","../../FrameHelper","harmony import specifier"
"","","../../FrameHelper","harmony side effect evaluation"
"","","../../FrameHelper","harmony import specifier"
"","","../../FrameHelper","harmony import specifier"
"","","../../FrameHelper","harmony import specifier"
"","","../../FrameHelper","harmony side effect evaluation"
"","","../../FrameHelper","harmony import specifier"
"","","../../FrameHelper","harmony import specifier"
"","","../../FrameHelper","harmony side effect evaluation"
"","","../../FrameHelper","harmony import specifier"
"","","../../FrameHelper","harmony import specifier"
"","","../../FrameHelper","harmony import specifier"
"","","../../FrameHelper","harmony import specifier"
"","","../../FrameHelper","harmony side effect evaluation"
"","","../../FrameHelper","harmony import specifier"
"","","../../FrameHelper","harmony import specifier"
"","","../../FrameHelper","harmony import specifier"
"","","../../FrameHelper","harmony import specifier"
"","","../../FrameHelper","harmony side effect evaluation"
"","","../../FrameHelper","harmony import specifier"
"","","../../FrameHelper","harmony import specifier"
"","","../../FrameHelper","harmony side effect evaluation"
"","","../../FrameHelper","harmony import specifier"
"","","../../FrameHelper","harmony import specifier"
"","","../../UrlHelper","harmony side effect evaluation"
"","","../../UrlHelper","harmony import specifier"
"","","../../UrlHelper","harmony side effect evaluation"
"","","../../UrlHelper","harmony import specifier"
"","","../../UrlHelper","harmony side effect evaluation"
"","","../../UrlHelper","harmony import specifier"
"","","../../UrlHelper","harmony side effect evaluation"
"","","../../UrlHelper","harmony import specifier"
"","","../../UrlHelper","harmony side effect evaluation"
"","","../../UrlHelper","harmony import specifier"
3379,7142,"!../../../node_modules/style-loader/dist/runtime/injectStylesIntoStyleTag.js","harmony side effect evaluation"
3379,7142,"!../../../node_modules/style-loader/dist/runtime/injectStylesIntoStyleTag.js","harmony import specifier"
3379,6656,"!../../../../node_modules/style-loader/dist/runtime/injectStylesIntoStyleTag.js","harmony side effect evaluation"
3379,6656,"!../../../../node_modules/style-loader/dist/runtime/injectStylesIntoStyleTag.js","harmony import specifier"
3379,2576,"!../../../node_modules/style-loader/dist/runtime/injectStylesIntoStyleTag.js","harmony side effect evaluation"
3379,2576,"!../../../node_modules/style-loader/dist/runtime/injectStylesIntoStyleTag.js","harmony import specifier"
3379,"","!../../../node_modules/style-loader/dist/runtime/injectStylesIntoStyleTag.js","harmony side effect evaluation"
3379,"","!../../../node_modules/style-loader/dist/runtime/injectStylesIntoStyleTag.js","harmony import specifier"
3379,"","!../../../../node_modules/style-loader/dist/runtime/injectStylesIntoStyleTag.js","harmony side effect evaluation"
3379,"","!../../../../node_modules/style-loader/dist/runtime/injectStylesIntoStyleTag.js","harmony import specifier"
3379,"","!../../../node_modules/style-loader/dist/runtime/injectStylesIntoStyleTag.js","harmony side effect evaluation"
3379,"","!../../../node_modules/style-loader/dist/runtime/injectStylesIntoStyleTag.js","harmony import specifier"
3379,3379,"","cjs self exports reference"
9594,2576,"!!../../../node_modules/css-loader/dist/cjs.js!../../../node_modules/sass-loader/dist/cjs.js!./styles.scss","harmony side effect evaluation"
9594,2576,"!!../../../node_modules/css-loader/dist/cjs.js!../../../node_modules/sass-loader/dist/cjs.js!./styles.scss","harmony import specifier"
9594,2576,"!!../../../node_modules/css-loader/dist/cjs.js!../../../node_modules/sass-loader/dist/cjs.js!./styles.scss","harmony import specifier"
9594,"","!!../../../node_modules/css-loader/dist/cjs.js!../../../node_modules/sass-loader/dist/cjs.js!./styles.scss","harmony side effect evaluation"
9594,"","!!../../../node_modules/css-loader/dist/cjs.js!../../../node_modules/sass-loader/dist/cjs.js!./styles.scss","harmony import specifier"
9594,"","!!../../../node_modules/css-loader/dist/cjs.js!../../../node_modules/sass-loader/dist/cjs.js!./styles.scss","harmony import specifier"
"","","../strategy/CustomerBehavior","harmony side effect evaluation"
"","","../strategy/CustomerBehavior","harmony import specifier"
"","","../models/CloseMessage","harmony side effect evaluation"
"","","../models/CloseMessage","harmony import specifier"
4683,7142,"!!../../../node_modules/css-loader/dist/cjs.js!../../../node_modules/sass-loader/dist/cjs.js!./styles.scss","harmony side effect evaluation"
4683,7142,"!!../../../node_modules/css-loader/dist/cjs.js!../../../node_modules/sass-loader/dist/cjs.js!./styles.scss","harmony import specifier"
4683,7142,"!!../../../node_modules/css-loader/dist/cjs.js!../../../node_modules/sass-loader/dist/cjs.js!./styles.scss","harmony import specifier"
4683,"","!!../../../node_modules/css-loader/dist/cjs.js!../../../node_modules/sass-loader/dist/cjs.js!./styles.scss","harmony side effect evaluation"
4683,"","!!../../../node_modules/css-loader/dist/cjs.js!../../../node_modules/sass-loader/dist/cjs.js!./styles.scss","harmony import specifier"
4683,"","!!../../../node_modules/css-loader/dist/cjs.js!../../../node_modules/sass-loader/dist/cjs.js!./styles.scss","harmony import specifier"
"","","../strategy/AbstractCustomerStrategy","harmony side effect evaluation"
"","","./AbstractCustomerStrategy","harmony side effect evaluation"
"","","./AbstractCustomerStrategy","harmony import specifier"
"","","./AbstractCustomerStrategy","harmony side effect evaluation"
"","","./AbstractCustomerStrategy","harmony import specifier"
"","","./AbstractCustomerStrategy","harmony side effect evaluation"
"","","./AbstractCustomerStrategy","harmony import specifier"
"","","./AbstractCustomerStrategy","harmony side effect evaluation"
"","","./AbstractCustomerStrategy","harmony import specifier"
"","","./AbstractCustomerStrategy","harmony side effect evaluation"
"","","./AbstractCustomerStrategy","harmony import specifier"
"","","../strategy/FormStrategy","harmony side effect evaluation"
"","","../strategy/FormStrategy","harmony import specifier"
"","","./FormStrategy","harmony side effect evaluation"
"","","./FormStrategy","harmony import specifier"
"","","../strategy/RefreshStrategy","harmony side effect evaluation"
"","","../strategy/RefreshStrategy","harmony import specifier"
"","","../strategy/CodeStrategy","harmony side effect evaluation"
"","","../strategy/CodeStrategy","harmony import specifier"
"","","../strategy/LogoutStrategy","harmony side effect evaluation"
"","","../strategy/LogoutStrategy","harmony import specifier"
1235,4320,"./_global","cjs require"
1235,3777,"./_global","cjs full require"
1235,5411,"./_global","cjs require"
1235,1235,"","cjs self exports reference"
1235,4793,"./_global","cjs full require"
1235,3091,"./_global","cjs require"
1235,2197,"./_global","cjs require"
1235,5134,"./_global","cjs full require"
1235,2068,"./_global","cjs full require"
1235,4520,"./_global","cjs full require"
1235,5603,"./_global","cjs require"
1235,826,"./_global","cjs require"
1235,442,"./_global","cjs require"
1235,4010,"./_global","cjs require"
1235,7804,"./_global","cjs require"
1235,2797,"./_global","cjs require"
1235,2528,"./_global","cjs require"
1235,1079,"./_global","cjs require"
1235,7897,"./_global","cjs require"
1235,6757,"./_global","cjs full require"
1235,8602,"./_global","cjs require"
1235,4176,"./_global","cjs full require"
1235,9475,"./_global","cjs require"
1235,983,"./_global","cjs full require"
1235,5176,"./_global","cjs full require"
1235,9865,"./_global","cjs require"
1235,6316,"./_global","cjs require"
1235,9872,"./_global","cjs full require"
1235,4473,"./_global","cjs require"
1235,4018,"./_global","cjs full require"
1235,3799,"./_global","cjs require"
1235,6607,"./_global","cjs require"
1235,3457,"./_global","cjs require"
1235,9170,"./_global","cjs require"
1235,5433,"./_global","cjs require"
1235,4110,"./_global","cjs require"
8175,6999,"./_has","cjs require"
8175,8175,"","cjs self exports reference"
8175,5100,"./_has","cjs require"
8175,6147,"./_has","cjs require"
8175,4277,"./_has","cjs require"
8175,9604,"./_has","cjs require"
8175,5603,"./_has","cjs require"
8175,164,"./_has","cjs require"
8175,7804,"./_has","cjs require"
8175,8602,"./_has","cjs require"
8175,7471,"./_has","cjs require"
8175,5128,"./_has","cjs require"
8175,6316,"./_has","cjs require"
1169,2282,"./_descriptors","cjs require"
1169,1169,"","cjs self exports reference"
1169,6832,"./_descriptors","cjs require"
1169,8807,"./_descriptors","cjs require"
1169,8412,"./_descriptors","cjs require"
1169,110,"./_descriptors","cjs require"
1169,4751,"./_descriptors","cjs require"
1169,6147,"./_descriptors","cjs require"
1169,3337,"./_descriptors","cjs require"
1169,826,"./_descriptors","cjs require"
1169,7804,"./_descriptors","cjs require"
1169,2797,"./_descriptors","cjs require"
1169,4515,"./_descriptors","cjs require"
1169,8602,"./_descriptors","cjs require"
1169,7216,"./_descriptors","cjs require"
1169,8145,"./_descriptors","cjs require"
1169,9865,"./_descriptors","cjs require"
1169,7970,"./_descriptors","cjs require"
1169,2547,"./_descriptors","cjs require"
1169,6316,"./_descriptors","cjs require"
1169,2433,"./_descriptors","cjs require"
1169,685,"./_descriptors","cjs require"
1169,2216,"./_descriptors","cjs require"
1169,4887,"./_descriptors","cjs require"
2270,4320,"./_fails","cjs require"
2270,1397,"./_fails","cjs require"
2270,1169,"./_fails","cjs require"
2270,2270,"","cjs self exports reference"
2270,1203,"./_fails","cjs require"
2270,8807,"./_fails","cjs require"
2270,5100,"./_fails","cjs require"
2270,8412,"./_fails","cjs require"
2270,2197,"./_fails","cjs require"
2270,1659,"./_fails","cjs require"
2270,6552,"./_fails","cjs require"
2270,9158,"./_fails","cjs require"
2270,9876,"./_fails","cjs require"
2270,7804,"./_fails","cjs require"
2270,2797,"./_fails","cjs require"
2270,4058,"./_fails","cjs require"
2270,8439,"./_fails","cjs require"
2270,4557,"./_fails","cjs require"
2270,2541,"./_fails","cjs require"
2270,2274,"./_fails","cjs require"
2270,1805,"./_fails","cjs require"
2270,8602,"./_fails","cjs require"
2270,4478,"./_fails","cjs require"
2270,9573,"./_fails","cjs require"
2270,983,"./_fails","cjs require"
2270,5176,"./_fails","cjs require"
2270,2651,"./_fails","cjs require"
2270,9865,"./_fails","cjs require"
2270,8203,"./_fails","cjs require"
2270,2547,"./_fails","cjs require"
2270,6316,"./_fails","cjs require"
2270,9872,"./_fails","cjs require"
2270,3585,"./_fails","cjs require"
5411,4320,"./_export","cjs require"
5411,5411,"","cjs self exports reference"
5411,2888,"./_export","cjs require"
5411,7886,"./_export","cjs require"
5411,1659,"./_export","cjs require"
5411,2148,"./_export","cjs require"
5411,363,"./_export","cjs require"
5411,9158,"./_export","cjs require"
5411,9876,"./_export","cjs require"
5411,7804,"./_export","cjs require"
5411,538,"./_export","cjs require"
5411,6748,"./_export","cjs require"
5411,5931,"./_export","cjs require"
5411,1820,"./_export","cjs require"
5411,6773,"./_export","cjs require"
5411,2562,"./_export","cjs require"
5411,8909,"./_export","cjs require"
5411,2561,"./_export","cjs require"
5411,3890,"./_export","cjs require"
5411,8390,"./_export","cjs require"
5411,4481,"./_export","cjs require"
5411,5593,"./_export","cjs require"
5411,8983,"./_export","cjs require"
5411,5432,"./_export","cjs require"
5411,4058,"./_export","cjs require"
5411,5962,"./_export","cjs require"
5411,4007,"./_export","cjs require"
5411,8439,"./_export","cjs require"
5411,9461,"./_export","cjs require"
5411,4557,"./_export","cjs require"
5411,1669,"./_export","cjs require"
5411,9410,"./_export","cjs require"
5411,2541,"./_export","cjs require"
5411,3561,"./_export","cjs require"
5411,9957,"./_export","cjs require"
5411,1466,"./_export","cjs require"
5411,4969,"./_export","cjs require"
5411,9452,"./_export","cjs require"
5411,8288,"./_export","cjs require"
5411,5127,"./_export","cjs require"
5411,2421,"./_export","cjs require"
5411,3692,"./_export","cjs require"
5411,5937,"./_export","cjs require"
5411,2274,"./_export","cjs require"
5411,7953,"./_export","cjs require"
5411,3887,"./_export","cjs require"
5411,6156,"./_export","cjs require"
5411,6155,"./_export","cjs require"
5411,1805,"./_export","cjs require"
5411,2189,"./_export","cjs require"
5411,3574,"./_export","cjs require"
5411,9818,"./_export","cjs require"
5411,4176,"./_export","cjs require"
5411,7813,"./_export","cjs require"
5411,96,"./_export","cjs require"
5411,3546,"./_export","cjs require"
5411,3357,"./_export","cjs require"
5411,7645,"./_export","cjs require"
5411,168,"./_export","cjs require"
5411,7364,"./_export","cjs require"
5411,4478,"./_export","cjs require"
5411,9573,"./_export","cjs require"
5411,4039,"./_export","cjs require"
5411,6226,"./_export","cjs require"
5411,7216,"./_export","cjs require"
5411,8145,"./_export","cjs require"
5411,954,"./_export","cjs require"
5411,9682,"./_export","cjs require"
5411,9637,"./_export","cjs require"
5411,297,"./_export","cjs require"
5411,9475,"./_export","cjs require"
5411,983,"./_export","cjs require"
5411,5176,"./_export","cjs require"
5411,2651,"./_export","cjs require"
5411,6366,"./_export","cjs require"
5411,3469,"./_export","cjs require"
5411,2686,"./_export","cjs require"
5411,6599,"./_export","cjs require"
5411,7471,"./_export","cjs require"
5411,7889,"./_export","cjs require"
5411,9506,"./_export","cjs require"
5411,7486,"./_export","cjs require"
5411,6367,"./_export","cjs require"
5411,3685,"./_export","cjs require"
5411,5128,"./_export","cjs require"
5411,3562,"./_export","cjs require"
5411,4226,"./_export","cjs require"
5411,2278,"./_export","cjs require"
5411,2222,"./_export","cjs require"
5411,7251,"./_export","cjs require"
5411,3682,"./_export","cjs require"
5411,4652,"./_export","cjs require"
5411,6764,"./_export","cjs require"
5411,6316,"./_export","cjs require"
5411,9872,"./_export","cjs require"
5411,5361,"./_export","cjs require"
5411,5660,"./_export","cjs require"
5411,5720,"./_export","cjs require"
5411,8340,"./_export","cjs require"
5411,4018,"./_export","cjs require"
5411,1792,"./_export","cjs require"
5411,3799,"./_export","cjs require"
5411,6474,"./_export","cjs require"
5411,5136,"./_export","cjs require"
5411,7887,"./_export","cjs require"
5411,4071,"./_export","cjs require"
5411,1040,"./_export","cjs require"
5411,4620,"./_export","cjs require"
5411,4101,"./_export","cjs require"
5411,5515,"./_export","cjs require"
5411,2307,"./_export","cjs require"
5411,7963,"./_export","cjs require"
5411,2607,"./_export","cjs require"
5411,9926,"./_export","cjs require"
5411,409,"./_export","cjs require"
5411,2433,"./_export","cjs require"
5411,685,"./_export","cjs require"
5411,8636,"./_export","cjs require"
5411,2469,"./_export","cjs require"
5411,2216,"./_export","cjs require"
5411,4887,"./_export","cjs require"
5411,6429,"./_export","cjs require"
5411,6607,"./_export","cjs require"
5411,3457,"./_export","cjs require"
5411,5020,"./_export","cjs require"
5411,5268,"./_export","cjs require"
5411,3585,"./_export","cjs require"
5411,8453,"./_export","cjs require"
5411,621,"./_export","cjs require"
5411,145,"./_export","cjs require"
5411,9170,"./_export","cjs require"
5411,2077,"./_export","cjs require"
5411,4110,"./_export","cjs require"
6832,1847,"./_hide","cjs require"
6832,5411,"./_hide","cjs require"
6832,1203,"./_hide","cjs require"
6832,6832,"","cjs self exports reference"
6832,1416,"./_hide","cjs require"
6832,2888,"./_hide","cjs require"
6832,5603,"./_hide","cjs require"
6832,7804,"./_hide","cjs require"
6832,2797,"./_hide","cjs require"
6832,2528,"./_hide","cjs require"
6832,3927,"./_hide","cjs require"
6832,6316,"./_hide","cjs require"
6832,6607,"./_hide","cjs require"
6832,5433,"./_hide","cjs require"
110,2282,"./_object-dp","cjs full require"
110,4831,"./_object-dp","cjs require"
110,6832,"./_object-dp","cjs require"
110,5100,"./_object-dp","cjs full require"
110,4751,"./_object-dp","cjs require"
110,826,"./_object-dp","cjs require"
110,164,"./_object-dp","cjs full require"
110,7804,"./_object-dp","cjs require"
110,2797,"./_object-dp","cjs full require"
110,7897,"./_object-dp","cjs full require"
110,5153,"./_object-dp","cjs full require"
110,4515,"./_object-dp","cjs full require"
110,8602,"./_object-dp","cjs full require"
110,8145,"./_object-dp","cjs full require"
110,2651,"./_object-dp","cjs require"
110,5128,"./_object-dp","cjs require"
110,9865,"./_object-dp","cjs full require"
110,7970,"./_object-dp","cjs full require"
110,6316,"./_object-dp","cjs require"
110,2433,"./_object-dp","cjs require"
110,685,"./_object-dp","cjs require"
1737,1737,"","cjs self exports reference"
1737,6999,"./_an-object","cjs require"
1737,6338,"./_an-object","cjs require"
1737,5701,"./_an-object","cjs require"
1737,2720,"./_an-object","cjs require"
1737,5342,"./_an-object","cjs require"
1737,2073,"./_an-object","cjs require"
1737,110,"./_an-object","cjs require"
1737,4751,"./_an-object","cjs require"
1737,5134,"./_an-object","cjs require"
1737,4550,"./_an-object","cjs require"
1737,3347,"./_an-object","cjs require"
1737,8449,"./_an-object","cjs require"
1737,983,"./_an-object","cjs require"
1737,5176,"./_an-object","cjs require"
1737,2651,"./_an-object","cjs require"
1737,6366,"./_an-object","cjs require"
1737,3469,"./_an-object","cjs require"
1737,2686,"./_an-object","cjs require"
1737,6599,"./_an-object","cjs require"
1737,7471,"./_an-object","cjs require"
1737,9506,"./_an-object","cjs require"
1737,6367,"./_an-object","cjs require"
1737,5128,"./_an-object","cjs require"
1737,3309,"./_an-object","cjs require"
1737,9724,"./_an-object","cjs require"
1737,1344,"./_an-object","cjs require"
1737,8203,"./_an-object","cjs require"
1737,2547,"./_an-object","cjs require"
1737,6316,"./_an-object","cjs require"
1737,9872,"./_an-object","cjs require"
1737,6607,"./_an-object","cjs require"
1737,8831,"./_an-object","cjs require"
1737,6319,"./_an-object","cjs require"
1737,333,"./_an-object","cjs require"
1737,2329,"./_an-object","cjs require"
1737,6560,"./_an-object","cjs require"
1737,2616,"./_an-object","cjs require"
1737,5781,"./_an-object","cjs require"
1737,86,"./_an-object","cjs require"
1737,7567,"./_an-object","cjs require"
1817,1737,"./_is-object","cjs require"
1817,4020,"./_is-object","cjs require"
1817,2414,"./_is-object","cjs require"
1817,6999,"./_is-object","cjs require"
1817,4320,"./_is-object","cjs require"
1817,3777,"./_is-object","cjs require"
1817,4769,"./_is-object","cjs require"
1817,1814,"./_is-object","cjs require"
1817,1854,"./_is-object","cjs require"
1817,1817,"","cjs self exports reference"
1817,5169,"./_is-object","cjs require"
1817,5100,"./_is-object","cjs require"
1817,4550,"./_is-object","cjs require"
1817,3347,"./_is-object","cjs require"
1817,1588,"./_is-object","cjs require"
1817,7804,"./_is-object","cjs require"
1817,6526,"./_is-object","cjs require"
1817,5153,"./_is-object","cjs require"
1817,6138,"./_is-object","cjs require"
1817,1635,"./_is-object","cjs require"
1817,8446,"./_is-object","cjs require"
1817,1129,"./_is-object","cjs require"
1817,911,"./_is-object","cjs require"
1817,9115,"./_is-object","cjs require"
1817,9475,"./_is-object","cjs require"
1817,5176,"./_is-object","cjs require"
1817,7471,"./_is-object","cjs require"
1817,5128,"./_is-object","cjs require"
1817,6316,"./_is-object","cjs require"
1817,9872,"./_is-object","cjs require"
1817,4473,"./_is-object","cjs require"
1588,6338,"./_to-primitive","cjs require"
1588,110,"./_to-primitive","cjs require"
1588,6147,"./_to-primitive","cjs require"
1588,1588,"","cjs self exports reference"
1588,7804,"./_to-primitive","cjs require"
1588,2541,"./_to-primitive","cjs require"
1588,8602,"./_to-primitive","cjs require"
1588,2651,"./_to-primitive","cjs require"
1588,6316,"./_to-primitive","cjs require"
1588,2216,"./_to-primitive","cjs require"
1588,4887,"./_to-primitive","cjs require"
6007,4831,"./_property-desc","cjs require"
6007,6832,"./_property-desc","cjs require"
6007,1416,"./_property-desc","cjs require"
6007,6147,"./_property-desc","cjs require"
6007,6007,"","cjs self exports reference"
6007,7804,"./_property-desc","cjs require"
6007,5128,"./_property-desc","cjs require"
6007,6316,"./_property-desc","cjs require"
5603,4320,"./_redefine","cjs require"
5603,5411,"./_redefine","cjs require"
5603,1203,"./_redefine","cjs require"
5603,2888,"./_redefine","cjs require"
5603,4295,"./_redefine","cjs require"
5603,5603,"","cjs self exports reference"
5603,8051,"./_redefine","cjs require"
5603,8602,"./_redefine","cjs require"
5603,7377,"./_redefine","cjs require"
5603,9865,"./_redefine","cjs require"
5603,2547,"./_redefine","cjs require"
5603,6316,"./_redefine","cjs require"
5603,4473,"./_redefine","cjs require"
5603,5433,"./_redefine","cjs require"
8352,5100,"./_uid","cjs require"
8352,5603,"./_uid","cjs require"
8352,631,"./_uid","cjs require"
8352,7804,"./_uid","cjs require"
8352,2528,"./_uid","cjs require"
8352,8352,"","cjs self exports reference"
8352,6757,"./_uid","cjs require"
8352,6316,"./_uid","cjs require"
442,3129,"./_shared","cjs require"
442,7886,"./_shared","cjs require"
442,631,"./_shared","cjs require"
442,442,"","cjs self exports reference"
442,6757,"./_shared","cjs require"
442,6316,"./_shared","cjs require"
971,2888,"./_library","cjs require"
971,971,"","cjs self exports reference"
971,2197,"./_library","cjs require"
971,442,"./_library","cjs require"
971,7804,"./_library","cjs require"
971,2797,"./_library","cjs require"
971,7897,"./_library","cjs require"
971,9475,"./_library","cjs require"
971,6316,"./_library","cjs require"
391,7847,"./_ctx","cjs require"
391,2282,"./_ctx","cjs require"
391,391,"","cjs self exports reference"
391,5411,"./_ctx","cjs require"
391,4769,"./_ctx","cjs require"
391,2720,"./_ctx","cjs require"
391,2148,"./_ctx","cjs require"
391,3347,"./_ctx","cjs require"
391,4010,"./_ctx","cjs require"
391,7804,"./_ctx","cjs require"
391,3890,"./_ctx","cjs require"
391,9475,"./_ctx","cjs require"
6762,6762,"","cjs self exports reference"
6762,4739,"./_a-function","cjs require"
6762,2414,"./_a-function","cjs require"
6762,391,"./_a-function","cjs require"
6762,1693,"./_a-function","cjs require"
6762,2148,"./_a-function","cjs require"
6762,8449,"./_a-function","cjs require"
6762,4557,"./_a-function","cjs require"
6762,9475,"./_a-function","cjs require"
6762,983,"./_a-function","cjs require"
6762,5176,"./_a-function","cjs require"
6762,5660,"./_a-function","cjs require"
6762,2433,"./_a-function","cjs require"
6762,685,"./_a-function","cjs require"
6762,6607,"./_a-function","cjs require"
6762,7567,"./_a-function","cjs require"
5100,2282,"./_meta","cjs full require"
5100,6999,"./_meta","cjs full require"
5100,4320,"./_meta","cjs require"
5100,5100,"","cjs self exports reference"
5100,6138,"./_meta","cjs full require"
5100,911,"./_meta","cjs full require"
5100,9115,"./_meta","cjs full require"
5100,6316,"./_meta","cjs full require"
5100,4473,"./_meta","cjs require"
164,4320,"./_set-to-string-tag","cjs require"
164,1416,"./_set-to-string-tag","cjs require"
164,2888,"./_set-to-string-tag","cjs require"
164,164,"","cjs self exports reference"
164,2797,"./_set-to-string-tag","cjs require"
164,9475,"./_set-to-string-tag","cjs require"
164,6316,"./_set-to-string-tag","cjs require"
6757,1847,"./_wks","cjs require"
6757,4020,"./_wks","cjs require"
6757,1784,"./_wks","cjs require"
6757,4234,"./_wks","cjs require"
6757,1203,"./_wks","cjs require"
6757,4769,"./_wks","cjs require"
6757,6269,"./_wks","cjs require"
6757,5169,"./_wks","cjs require"
6757,1416,"./_wks","cjs require"
6757,2888,"./_wks","cjs require"
6757,8212,"./_wks","cjs require"
6757,826,"./_wks","cjs require"
6757,164,"./_wks","cjs require"
6757,8449,"./_wks","cjs require"
6757,7804,"./_wks","cjs require"
6757,9059,"./_wks","cjs export require"
6757,6757,"","cjs self exports reference"
6757,6561,"./_wks","cjs require"
6757,3927,"./_wks","cjs require"
6757,5153,"./_wks","cjs require"
6757,7377,"./_wks","cjs require"
6757,9475,"./_wks","cjs require"
6757,9865,"./_wks","cjs require"
6757,6316,"./_wks","cjs require"
6757,6607,"./_wks","cjs require"
6757,5433,"./_wks","cjs require"
9059,7897,"./_wks-ext","cjs require"
9059,6316,"./_wks-ext","cjs require"
7897,7897,"","cjs self exports reference"
7897,6316,"./_wks-define","cjs require"
7897,9418,"./_wks-define","cjs require"
7897,9225,"./_wks-define","cjs require"
2012,2012,"","cjs self exports reference"
2012,6316,"./_enum-keys","cjs require"
5480,2012,"./_object-keys","cjs require"
5480,8412,"./_object-keys","cjs require"
5480,4751,"./_object-keys","cjs require"
5480,5480,"","cjs self exports reference"
5480,3337,"./_object-keys","cjs require"
5480,1894,"./_object-keys","cjs require"
5480,6316,"./_object-keys","cjs require"
5480,5433,"./_object-keys","cjs require"
1191,9717,"./_to-iobject","cjs require"
1191,6147,"./_to-iobject","cjs require"
1191,6960,"./_to-iobject","cjs require"
1191,9604,"./_to-iobject","cjs require"
1191,3337,"./_to-iobject","cjs require"
1191,1191,"","cjs self exports reference"
1191,1006,"./_to-iobject","cjs require"
1191,5593,"./_to-iobject","cjs require"
1191,8983,"./_to-iobject","cjs require"
1191,703,"./_to-iobject","cjs require"
1191,3682,"./_to-iobject","cjs require"
1191,6316,"./_to-iobject","cjs require"
1191,2469,"./_to-iobject","cjs require"
4086,7847,"./_iobject","cjs require"
4086,4739,"./_iobject","cjs require"
4086,4086,"","cjs self exports reference"
4086,8412,"./_iobject","cjs require"
4086,1191,"./_iobject","cjs require"
4086,5593,"./_iobject","cjs require"
7213,1050,"./_cof","cjs require"
7213,1784,"./_cof","cjs require"
7213,7213,"","cjs self exports reference"
7213,4086,"./_cof","cjs require"
7213,583,"./_cof","cjs require"
7213,5169,"./_cof","cjs require"
7213,3091,"./_cof","cjs require"
7213,4010,"./_cof","cjs require"
7213,8439,"./_cof","cjs require"
7213,8602,"./_cof","cjs require"
7213,4018,"./_cof","cjs require"
7213,1792,"./_cof","cjs require"
6760,6760,"","cjs self exports reference"
6760,1203,"./_defined","cjs require"
6760,6770,"./_defined","cjs require"
6760,6641,"./_defined","cjs require"
6760,9158,"./_defined","cjs require"
6760,1530,"./_defined","cjs require"
6760,4713,"./_defined","cjs require"
6760,9876,"./_defined","cjs require"
6760,1191,"./_defined","cjs require"
6760,8758,"./_defined","cjs require"
6760,8453,"./_defined","cjs require"
9717,9717,"","cjs self exports reference"
9717,9604,"./_array-includes","cjs require"
9717,7804,"./_array-includes","cjs require"
9717,8390,"./_array-includes","cjs require"
9717,8340,"./_array-includes","cjs require"
2590,2295,"./_to-length","cjs require"
2590,5996,"./_to-length","cjs require"
2590,9717,"./_to-length","cjs require"
2590,7847,"./_to-length","cjs require"
2590,4739,"./_to-length","cjs require"
2590,4769,"./_to-length","cjs require"
2590,2720,"./_to-length","cjs require"
2590,1530,"./_to-length","cjs require"
2590,3937,"./_to-length","cjs require"
2590,2590,"","cjs self exports reference"
2590,7804,"./_to-length","cjs require"
2590,2797,"./_to-length","cjs require"
2590,3890,"./_to-length","cjs require"
2590,8983,"./_to-length","cjs require"
2590,8439,"./_to-length","cjs require"
2590,3309,"./_to-length","cjs require"
2590,9724,"./_to-length","cjs require"
2590,8203,"./_to-length","cjs require"
2590,2278,"./_to-length","cjs require"
2590,3682,"./_to-length","cjs require"
2590,6764,"./_to-length","cjs require"
2590,9872,"./_to-length","cjs require"
2590,5660,"./_to-length","cjs require"
2590,5720,"./_to-length","cjs require"
2590,8453,"./_to-length","cjs require"
4490,6770,"./_to-integer","cjs require"
4490,4713,"./_to-integer","cjs require"
4490,4019,"./_to-integer","cjs require"
4490,3937,"./_to-integer","cjs require"
4490,4490,"","cjs self exports reference"
4490,2590,"./_to-integer","cjs require"
4490,7804,"./_to-integer","cjs require"
4490,2797,"./_to-integer","cjs require"
4490,8983,"./_to-integer","cjs require"
4490,4478,"./_to-integer","cjs require"
4490,9724,"./_to-integer","cjs require"
4490,5720,"./_to-integer","cjs require"
4019,2295,"./_to-absolute-index","cjs require"
4019,5996,"./_to-absolute-index","cjs require"
4019,9717,"./_to-absolute-index","cjs require"
4019,4019,"","cjs self exports reference"
4019,7804,"./_to-absolute-index","cjs require"
4019,8439,"./_to-absolute-index","cjs require"
4019,2222,"./_to-absolute-index","cjs require"
4019,9872,"./_to-absolute-index","cjs require"
8612,2012,"./_object-gops","cjs require"
8612,8412,"./_object-gops","cjs require"
8612,5134,"./_object-gops","cjs require"
8612,6316,"./_object-gops","cjs require"
3681,2012,"./_object-pie","cjs require"
3681,8412,"./_object-pie","cjs require"
3681,6147,"./_object-pie","cjs require"
3681,3337,"./_object-pie","cjs full require"
3681,6316,"./_object-pie","cjs full require"
583,4020,"./_is-array","cjs require"
583,4769,"./_is-array","cjs require"
583,583,"","cjs self exports reference"
583,4481,"./_is-array","cjs require"
583,6316,"./_is-array","cjs require"
8758,2295,"./_to-object","cjs require"
8758,5996,"./_to-object","cjs require"
8758,7847,"./_to-object","cjs require"
8758,4739,"./_to-object","cjs require"
8758,8412,"./_to-object","cjs require"
8758,4277,"./_to-object","cjs require"
8758,8758,"","cjs self exports reference"
8758,7804,"./_to-object","cjs require"
8758,3890,"./_to-object","cjs require"
8758,4557,"./_to-object","cjs require"
8758,2541,"./_to-object","cjs require"
8758,5058,"./_to-object","cjs require"
8758,1894,"./_to-object","cjs require"
8758,9724,"./_to-object","cjs require"
8758,6316,"./_to-object","cjs require"
8758,5660,"./_to-object","cjs require"
8758,5720,"./_to-object","cjs require"
8758,2433,"./_to-object","cjs require"
8758,685,"./_to-object","cjs require"
8758,2216,"./_to-object","cjs require"
8758,4887,"./_to-object","cjs require"
2073,2282,"./_object-create","cjs require"
2073,1416,"./_object-create","cjs require"
2073,2073,"","cjs self exports reference"
2073,7804,"./_object-create","cjs require"
2073,8602,"./_object-create","cjs require"
2073,6226,"./_object-create","cjs require"
2073,5176,"./_object-create","cjs require"
2073,6316,"./_object-create","cjs require"
4751,2073,"./_object-dps","cjs require"
4751,4751,"","cjs self exports reference"
4751,7216,"./_object-dps","cjs require"
4793,4793,"","cjs self exports reference"
4793,2073,"./_html","cjs full require"
4793,4010,"./_html","cjs require"
4793,8439,"./_html","cjs require"
6960,2037,"./_object-gopn-ext","cjs full require"
6960,6316,"./_object-gopn-ext","cjs require"
153,6960,"./_object-gopn","cjs full require"
153,5134,"./_object-gopn","cjs require"
153,7804,"./_object-gopn","cjs full require"
153,2797,"./_object-gopn","cjs full require"
153,8602,"./_object-gopn","cjs full require"
153,9865,"./_object-gopn","cjs full require"
153,6316,"./_object-gopn","cjs full require"
6147,3347,"./_object-gopd","cjs full require"
6147,7804,"./_object-gopd","cjs require"
6147,8602,"./_object-gopd","cjs full require"
6147,703,"./_object-gopd","cjs full require"
6147,6366,"./_object-gopd","cjs full require"
6147,2686,"./_object-gopd","cjs require"
6147,7471,"./_object-gopd","cjs require"
6147,5128,"./_object-gopd","cjs require"
6147,6316,"./_object-gopd","cjs require"
6147,2469,"./_object-gopd","cjs require"
6147,2216,"./_object-gopd","cjs full require"
6147,4887,"./_object-gopd","cjs full require"
1659,1659,"","cjs self exports reference"
1659,6138,"./_object-sap","cjs require"
1659,703,"./_object-sap","cjs require"
1659,2037,"./_object-sap","cjs require"
1659,5058,"./_object-sap","cjs require"
1659,1635,"./_object-sap","cjs require"
1659,8446,"./_object-sap","cjs require"
1659,1129,"./_object-sap","cjs require"
1659,1894,"./_object-sap","cjs require"
1659,911,"./_object-sap","cjs require"
1659,9115,"./_object-sap","cjs require"
4277,2888,"./_object-gpo","cjs require"
4277,4277,"","cjs self exports reference"
4277,7804,"./_object-gpo","cjs require"
4277,5153,"./_object-gpo","cjs require"
4277,5058,"./_object-gpo","cjs require"
4277,6599,"./_object-gpo","cjs require"
4277,7471,"./_object-gpo","cjs require"
4277,5128,"./_object-gpo","cjs require"
4277,2216,"./_object-gpo","cjs require"
4277,4887,"./_object-gpo","cjs require"
4277,333,"./_object-gpo","cjs require"
4277,2329,"./_object-gpo","cjs require"
4277,5781,"./_object-gpo","cjs require"
8412,8412,"","cjs self exports reference"
8412,4039,"./_object-assign","cjs require"
8412,4473,"./_object-assign","cjs require"
1337,1337,"","cjs self exports reference"
1337,954,"./_same-value","cjs require"
1337,1344,"./_same-value","cjs require"
3347,1814,"./_set-proto","cjs full require"
3347,3347,"","cjs self exports reference"
3347,9682,"./_set-proto","cjs full require"
3347,3685,"./_set-proto","cjs require"
1784,1784,"","cjs self exports reference"
1784,7690,"./_classof","cjs require"
1784,4800,"./_classof","cjs require"
1784,7804,"./_classof","cjs require"
1784,6561,"./_classof","cjs require"
1784,7377,"./_classof","cjs require"
1784,9475,"./_classof","cjs require"
2414,2414,"","cjs self exports reference"
2414,3561,"./_bind","cjs require"
2414,5176,"./_bind","cjs require"
4520,4520,"","cjs self exports reference"
4520,7364,"./_parse-int","cjs require"
4520,297,"./_parse-int","cjs require"
9876,2068,"./_string-trim","cjs full require"
9876,4520,"./_string-trim","cjs full require"
9876,9876,"","cjs self exports reference"
9876,8602,"./_string-trim","cjs full require"
9876,1457,"./_string-trim","cjs require"
9876,1500,"./_string-trim","cjs require"
9876,493,"./_string-trim","cjs require"
2068,2068,"","cjs self exports reference"
2068,168,"./_parse-float","cjs require"
2068,9637,"./_parse-float","cjs require"
1814,4320,"./_inherit-if-required","cjs require"
1814,1814,"","cjs self exports reference"
1814,8602,"./_inherit-if-required","cjs require"
1814,9865,"./_inherit-if-required","cjs require"
1050,1050,"","cjs self exports reference"
1050,4478,"./_a-number-value","cjs require"
1050,9573,"./_a-number-value","cjs require"
4713,1530,"./_string-repeat","cjs require"
4713,4713,"","cjs self exports reference"
4713,4478,"./_string-repeat","cjs require"
4713,4652,"./_string-repeat","cjs require"
1854,1854,"","cjs self exports reference"
1854,7813,"./_is-integer","cjs require"
1854,3546,"./_is-integer","cjs require"
704,704,"","cjs self exports reference"
704,9957,"./_math-log1p","cjs require"
704,3887,"./_math-log1p","cjs require"
4833,5474,"./_math-sign","cjs require"
4833,4833,"","cjs self exports reference"
4833,9452,"./_math-sign","cjs require"
4833,6155,"./_math-sign","cjs require"
2644,2644,"","cjs self exports reference"
2644,2421,"./_math-expm1","cjs require"
2644,1805,"./_math-expm1","cjs require"
2644,2189,"./_math-expm1","cjs require"
5474,5474,"","cjs self exports reference"
5474,3692,"./_math-fround","cjs require"
5474,1040,"./_math-fround","cjs require"
6770,9916,"./_string-at","cjs require"
6770,6770,"","cjs self exports reference"
6770,4226,"./_string-at","cjs require"
6770,2964,"./_string-at","cjs require"
6770,3585,"./_string-at","cjs require"
2888,2282,"./_iter-define","cjs require"
2888,2888,"","cjs self exports reference"
2888,1006,"./_iter-define","cjs require"
2888,2964,"./_iter-define","cjs require"
3482,6269,"./_iterators","cjs require"
3482,2888,"./_iterators","cjs require"
3482,3482,"","cjs self exports reference"
3482,7804,"./_iterators","cjs require"
3482,6561,"./_iterators","cjs require"
3482,1006,"./_iterators","cjs require"
3482,5433,"./_iterators","cjs require"
1416,1416,"","cjs self exports reference"
1416,2888,"./_iter-create","cjs require"
1416,3469,"./_iter-create","cjs require"
1416,8453,"./_iter-create","cjs require"
6641,6641,"","cjs self exports reference"
6641,2278,"./_string-context","cjs require"
6641,7251,"./_string-context","cjs require"
6641,6764,"./_string-context","cjs require"
5169,5169,"","cjs self exports reference"
5169,6641,"./_is-regexp","cjs require"
5169,9865,"./_is-regexp","cjs require"
5169,8203,"./_is-regexp","cjs require"
5169,8453,"./_is-regexp","cjs require"
4234,4234,"","cjs self exports reference"
4234,2278,"./_fails-is-regexp","cjs require"
4234,7251,"./_fails-is-regexp","cjs require"
4234,6764,"./_fails-is-regexp","cjs require"
9158,9158,"","cjs self exports reference"
9158,5023,"./_string-html","cjs require"
9158,610,"./_string-html","cjs require"
9158,5087,"./_string-html","cjs require"
9158,4363,"./_string-html","cjs require"
9158,4156,"./_string-html","cjs require"
9158,2496,"./_string-html","cjs require"
9158,907,"./_string-html","cjs require"
9158,3620,"./_string-html","cjs require"
9158,8034,"./_string-html","cjs require"
9158,5583,"./_string-html","cjs require"
9158,9827,"./_string-html","cjs require"
9158,8347,"./_string-html","cjs require"
9158,2594,"./_string-html","cjs require"
1397,1397,"","cjs self exports reference"
1397,9410,"./_date-to-iso-string","cjs require"
6338,6338,"","cjs self exports reference"
6338,3927,"./_date-to-primitive","cjs require"
5342,2720,"./_iter-call","cjs require"
5342,5342,"","cjs self exports reference"
5342,3890,"./_iter-call","cjs require"
6269,2720,"./_is-array-iter","cjs require"
6269,6269,"","cjs self exports reference"
6269,7804,"./_is-array-iter","cjs require"
6269,3890,"./_is-array-iter","cjs require"
4831,4831,"","cjs self exports reference"
4831,3890,"./_create-property","cjs require"
4831,4058,"./_create-property","cjs require"
4831,2469,"./_create-property","cjs require"
6561,2720,"./core.get-iterator-method","cjs require"
6561,7804,"./core.get-iterator-method","cjs require"
6561,6561,"","cjs self exports reference"
6561,3890,"./core.get-iterator-method","cjs require"
8212,4320,"./_iter-detect","cjs require"
8212,8212,"","cjs self exports reference"
8212,7804,"./_iter-detect","cjs require"
8212,3890,"./_iter-detect","cjs require"
8212,9475,"./_iter-detect","cjs require"
6552,6552,"","cjs self exports reference"
6552,5931,"./_strict-method","cjs require"
6552,6773,"./_strict-method","cjs require"
6552,2561,"./_strict-method","cjs require"
6552,8390,"./_strict-method","cjs require"
6552,5593,"./_strict-method","cjs require"
6552,8983,"./_strict-method","cjs require"
6552,5432,"./_strict-method","cjs require"
6552,5962,"./_strict-method","cjs require"
6552,4007,"./_strict-method","cjs require"
6552,9461,"./_strict-method","cjs require"
6552,4557,"./_strict-method","cjs require"
7847,7847,"","cjs self exports reference"
7847,6999,"./_array-methods","cjs require"
7847,7804,"./_array-methods","cjs require"
7847,5931,"./_array-methods","cjs require"
7847,6773,"./_array-methods","cjs require"
7847,2562,"./_array-methods","cjs require"
7847,8909,"./_array-methods","cjs require"
7847,2561,"./_array-methods","cjs require"
7847,5432,"./_array-methods","cjs require"
7847,9461,"./_array-methods","cjs require"
7847,4473,"./_array-methods","cjs require"
6927,7847,"./_array-species-create","cjs require"
6927,6927,"","cjs self exports reference"
6927,5660,"./_array-species-create","cjs require"
6927,5720,"./_array-species-create","cjs require"
4739,4739,"","cjs self exports reference"
4739,5962,"./_array-reduce","cjs require"
4739,4007,"./_array-reduce","cjs require"
2295,2295,"","cjs self exports reference"
2295,7804,"./_array-copy-within","cjs require"
2295,6748,"./_array-copy-within","cjs require"
1847,1847,"","cjs self exports reference"
1847,6748,"./_add-to-unscopables","cjs require"
1847,1820,"./_add-to-unscopables","cjs require"
1847,2562,"./_add-to-unscopables","cjs require"
1847,8909,"./_add-to-unscopables","cjs require"
1847,1006,"./_add-to-unscopables","cjs require"
1847,5660,"./_add-to-unscopables","cjs require"
1847,5720,"./_add-to-unscopables","cjs require"
1847,8340,"./_add-to-unscopables","cjs require"
5996,5996,"","cjs self exports reference"
5996,7804,"./_array-fill","cjs require"
5996,2797,"./_array-fill","cjs require"
5996,1820,"./_array-fill","cjs require"
826,2282,"./_set-species","cjs require"
826,826,"","cjs self exports reference"
826,7804,"./_set-species","cjs require"
826,4052,"./_set-species","cjs require"
826,9475,"./_set-species","cjs require"
826,9865,"./_set-species","cjs require"
826,9872,"./_set-species","cjs require"
826,6607,"./_set-species","cjs require"
6972,2282,"./_iter-step","cjs require"
6972,6972,"","cjs self exports reference"
6972,1006,"./_iter-step","cjs require"
5701,5701,"","cjs self exports reference"
5701,9712,"./_flags","cjs require"
5701,9865,"./_flags","cjs require"
5701,7970,"./_flags","cjs require"
5701,2547,"./_flags","cjs require"
5701,8453,"./_flags","cjs require"
9712,1203,"./_regexp-exec","cjs require"
9712,9712,"","cjs self exports reference"
9712,3562,"./_regexp-exec","cjs require"
9712,8203,"./_regexp-exec","cjs require"
9916,9916,"","cjs self exports reference"
9916,3309,"./_advance-string-index","cjs require"
9916,9724,"./_advance-string-index","cjs require"
9916,8203,"./_advance-string-index","cjs require"
4800,4800,"","cjs self exports reference"
4800,3309,"./_regexp-exec-abstract","cjs require"
4800,9724,"./_regexp-exec-abstract","cjs require"
4800,1344,"./_regexp-exec-abstract","cjs require"
4800,8203,"./_regexp-exec-abstract","cjs require"
1203,1203,"","cjs self exports reference"
1203,3309,"./_fix-re-wks","cjs require"
1203,9724,"./_fix-re-wks","cjs require"
1203,1344,"./_fix-re-wks","cjs require"
1203,8203,"./_fix-re-wks","cjs require"
8449,8449,"","cjs self exports reference"
8449,7804,"./_species-constructor","cjs require"
8449,9475,"./_species-constructor","cjs require"
8449,8203,"./_species-constructor","cjs require"
8449,9872,"./_species-constructor","cjs require"
8449,3457,"./_species-constructor","cjs require"
8233,8233,"","cjs self exports reference"
8233,2282,"./_an-instance","cjs require"
8233,6999,"./_an-instance","cjs require"
8233,4320,"./_an-instance","cjs require"
8233,7804,"./_an-instance","cjs require"
8233,2797,"./_an-instance","cjs require"
8233,9475,"./_an-instance","cjs require"
8233,6607,"./_an-instance","cjs require"
2720,4606,"./_for-of","cjs require"
2720,2282,"./_for-of","cjs require"
2720,6999,"./_for-of","cjs require"
2720,4320,"./_for-of","cjs require"
2720,2720,"","cjs self exports reference"
2720,2148,"./_for-of","cjs require"
2720,9475,"./_for-of","cjs require"
2720,6607,"./_for-of","cjs require"
4010,3091,"./_task","cjs full require"
4010,4010,"","cjs self exports reference"
4010,9475,"./_task","cjs full require"
4010,2077,"./_task","cjs require"
3091,3091,"","cjs self exports reference"
3091,9475,"./_microtask","cjs require"
3091,4018,"./_microtask","cjs require"
3091,6607,"./_microtask","cjs require"
1693,4550,"./_new-promise-capability","cjs require"
1693,9475,"./_new-promise-capability","cjs require"
1693,5020,"./_new-promise-capability","cjs require"
5445,5445,"","cjs self exports reference"
5445,9475,"./_perform","cjs require"
5445,5020,"./_perform","cjs require"
1079,1079,"","cjs self exports reference"
1079,9475,"./_user-agent","cjs require"
1079,621,"./_user-agent","cjs require"
1079,145,"./_user-agent","cjs require"
1079,4110,"./_user-agent","cjs require"
4550,4550,"","cjs self exports reference"
4550,9475,"./_promise-resolve","cjs require"
4550,3457,"./_promise-resolve","cjs require"
4295,2282,"./_redefine-all","cjs require"
4295,6999,"./_redefine-all","cjs require"
4295,4320,"./_redefine-all","cjs require"
4295,4295,"","cjs self exports reference"
4295,7804,"./_redefine-all","cjs require"
4295,2797,"./_redefine-all","cjs require"
4295,9475,"./_redefine-all","cjs require"
4295,6607,"./_redefine-all","cjs require"
2282,2282,"","cjs self exports reference"
2282,1947,"./_collection-strong","cjs require"
2282,6111,"./_collection-strong","cjs require"
6526,2282,"./_validate-collection","cjs require"
6526,6999,"./_validate-collection","cjs require"
6526,6526,"","cjs self exports reference"
6526,1947,"./_validate-collection","cjs require"
6526,6111,"./_validate-collection","cjs require"
6526,4473,"./_validate-collection","cjs require"
6526,4473,"./_validate-collection","cjs require"
6526,1601,"./_validate-collection","cjs require"
4320,4320,"","cjs self exports reference"
4320,1947,"./_collection","cjs require"
4320,6111,"./_collection","cjs require"
4320,4473,"./_collection","cjs require"
4320,1601,"./_collection","cjs require"
6999,6999,"","cjs self exports reference"
6999,4473,"./_collection-weak","cjs require"
6999,1601,"./_collection-weak","cjs require"
2528,7804,"./_typed","cjs require"
2528,2797,"./_typed","cjs require"
2528,2528,"","cjs self exports reference"
2528,9872,"./_typed","cjs require"
2528,5361,"./_typed","cjs full require"
2797,7804,"./_typed-buffer","cjs require"
2797,2797,"","cjs self exports reference"
2797,2797,"","cjs self exports reference"
2797,9872,"./_typed-buffer","cjs require"
2797,5361,"./_typed-buffer","cjs full require"
7804,7804,"","cjs self exports reference"
7804,7804,"","cjs self exports reference"
7804,6069,"./_typed-array","cjs require"
7804,7694,"./_typed-array","cjs require"
7804,3090,"./_typed-array","cjs require"
7804,2362,"./_typed-array","cjs require"
7804,7531,"./_typed-array","cjs require"
7804,5455,"./_typed-array","cjs require"
7804,2139,"./_typed-array","cjs require"
7804,2486,"./_typed-array","cjs require"
7804,1312,"./_typed-array","cjs require"
5134,5134,"","cjs self exports reference"
5134,7486,"./_own-keys","cjs require"
5134,2469,"./_own-keys","cjs require"
4769,4769,"","cjs self exports reference"
4769,5660,"./_flatten-into-array","cjs require"
4769,5720,"./_flatten-into-array","cjs require"
1530,1530,"","cjs self exports reference"
1530,621,"./_string-pad","cjs require"
1530,145,"./_string-pad","cjs require"
3337,3337,"","cjs self exports reference"
3337,8636,"./_object-to-array","cjs require"
3337,6429,"./_object-to-array","cjs require"
2197,2197,"","cjs self exports reference"
2197,2433,"./_object-forced-pam","cjs require"
2197,685,"./_object-forced-pam","cjs require"
2197,2216,"./_object-forced-pam","cjs require"
2197,4887,"./_object-forced-pam","cjs require"
7690,7690,"","cjs self exports reference"
7690,6474,"./_collection-to-json","cjs require"
7690,5268,"./_collection-to-json","cjs require"
4606,4606,"","cjs self exports reference"
4606,7690,"./_array-from-iterable","cjs require"
4606,333,"./_array-from-iterable","cjs require"
363,363,"","cjs self exports reference"
363,9811,"./_set-collection-of","cjs require"
363,3183,"./_set-collection-of","cjs require"
363,856,"./_set-collection-of","cjs require"
363,425,"./_set-collection-of","cjs require"
2148,2148,"","cjs self exports reference"
2148,8323,"./_set-collection-from","cjs require"
2148,3452,"./_set-collection-from","cjs require"
2148,792,"./_set-collection-from","cjs require"
2148,3315,"./_set-collection-from","cjs require"
138,138,"","cjs self exports reference"
138,1040,"./_math-scale","cjs require"
138,2607,"./_math-scale","cjs require"
7886,7886,"","cjs self exports reference"
7886,8831,"./_metadata","cjs require"
7886,6319,"./_metadata","cjs require"
7886,333,"./_metadata","cjs require"
7886,2329,"./_metadata","cjs require"
7886,6560,"./_metadata","cjs require"
7886,2616,"./_metadata","cjs require"
7886,5781,"./_metadata","cjs require"
7886,86,"./_metadata","cjs require"
7886,7567,"./_metadata","cjs require"
416,416,"","cjs self exports reference"
416,538,"./_replacer","cjs require"
"","","./toPropertyKey.js","harmony side effect evaluation"
"","","./toPropertyKey.js","harmony import specifier"
"","","../../ApiService","harmony side effect evaluation"
"","","../../ApiService","harmony import specifier"
"","","../../ApiService","harmony side effect evaluation"
"","","../../ApiService","harmony import specifier"
"","","../../ApiService","harmony side effect evaluation"
"","","../../ApiService","harmony import specifier"
"","","../../ApiService","harmony side effect evaluation"
"","","../../ApiService","harmony import specifier"
5381,7142,"@lmui/core/services/ENV","harmony side effect evaluation"
5381,7142,"@lmui/core/services/ENV","harmony import specifier"
5381,7142,"@lmui/core/services/ENV","harmony import specifier"
5381,7142,"@lmui/core/services/ENV","harmony import specifier"
5381,"","@lmui/core/services/ENV","harmony side effect evaluation"
5381,"","@lmui/core/services/ENV","harmony import specifier"
5381,"","@lmui/core/services/ENV","harmony import specifier"
5381,"","@lmui/core/services/ENV","harmony import specifier"
5381,6656,"@lmui/core/services/ENV","harmony side effect evaluation"
5381,6656,"@lmui/core/services/ENV","harmony import specifier"
5381,6656,"@lmui/core/services/ENV","harmony import specifier"
5381,6656,"@lmui/core/services/ENV","harmony import specifier"
5381,2576,"@lmui/core/services/ENV","harmony side effect evaluation"
5381,2576,"@lmui/core/services/ENV","harmony import specifier"
5381,2576,"@lmui/core/services/ENV","harmony import specifier"
5381,2576,"@lmui/core/services/ENV","harmony import specifier"
"","","./gammaMap","harmony side effect evaluation"
"","","./gammaMap","harmony import specifier"
"","","../../gammaMap","harmony side effect evaluation"
"","","../../gammaMap","harmony import specifier"
"","","./DomClasses/DomDropdown","harmony side effect evaluation"
"","","./DomClasses/DomDropdown","harmony import specifier"
"","","../../StoreLocationHelper","harmony side effect evaluation"
"","","../../StoreLocationHelper","harmony import specifier"
"","","../StoreLocationHelper","harmony side effect evaluation"
"","","../StoreLocationHelper","harmony import specifier"
"","","./DomClasses/DomInfo","harmony side effect evaluation"
"","","./DomClasses/DomInfo","harmony import specifier"
7753,7753,"","cjs self exports reference"
7753,4683,"../../../node_modules/css-loader/dist/runtime/cssWithMappingToString.js","harmony side effect evaluation"
7753,4683,"../../../node_modules/css-loader/dist/runtime/cssWithMappingToString.js","harmony import specifier"
7753,4362,"../../../../node_modules/css-loader/dist/runtime/cssWithMappingToString.js","harmony side effect evaluation"
7753,4362,"../../../../node_modules/css-loader/dist/runtime/cssWithMappingToString.js","harmony import specifier"
7753,9594,"../../../node_modules/css-loader/dist/runtime/cssWithMappingToString.js","harmony side effect evaluation"
7753,9594,"../../../node_modules/css-loader/dist/runtime/cssWithMappingToString.js","harmony import specifier"
6513,6513,"","cjs self exports reference"
6513,4683,"../../../node_modules/css-loader/dist/runtime/api.js","harmony side effect evaluation"
6513,4683,"../../../node_modules/css-loader/dist/runtime/api.js","harmony import specifier"
6513,4362,"../../../../node_modules/css-loader/dist/runtime/api.js","harmony side effect evaluation"
6513,4362,"../../../../node_modules/css-loader/dist/runtime/api.js","harmony import specifier"
6513,9594,"../../../node_modules/css-loader/dist/runtime/api.js","harmony side effect evaluation"
6513,9594,"../../../node_modules/css-loader/dist/runtime/api.js","harmony import specifier"
"","","./realisation/AbstractRealisation","harmony side effect evaluation"
"","","./AbstractRealisation","harmony side effect evaluation"
"","","./AbstractRealisation","harmony import specifier"
"","","./AbstractRealisation","harmony side effect evaluation"
"","","./AbstractRealisation","harmony import specifier"
"","","../../../../shared/patterns/Factory","harmony side effect evaluation"
"","","../../../../shared/patterns/Factory","harmony import specifier"
"","","../../../shared/patterns/Factory","harmony side effect evaluation"
"","","../../../shared/patterns/Factory","harmony import specifier"
"","","./realisation/AnonymousRealisation","harmony side effect evaluation"
"","","./realisation/AnonymousRealisation","harmony import specifier"
"","","./realisation/CustomerAuthRealisation","harmony side effect evaluation"
"","","./realisation/CustomerAuthRealisation","harmony import specifier"
"","","./TokenStrategy","harmony side effect evaluation"
"","","./TokenStrategy","harmony import specifier"
"","","../../../shared/consts/endpoints.consts","harmony side effect evaluation"
"","","../../../shared/consts/endpoints.consts","harmony import specifier"
"","","../../../shared/consts/endpoints.consts","harmony side effect evaluation"
"","","../../../shared/consts/endpoints.consts","harmony import specifier"
"","","../../../shared/consts/endpoints.consts","harmony import specifier"
"","","../../../shared/consts/endpoints.consts","harmony side effect evaluation"
"","","../../../shared/consts/endpoints.consts","harmony import specifier"
"","","../../../shared/consts/endpoints.consts","harmony import specifier"
"","","../services/AdeoHandler","harmony side effect evaluation"
"","","../services/AdeoHandler","harmony import specifier"
"","","../services/AdeoHandler","harmony import specifier"
"","","../services/AdeoHandler","harmony side effect evaluation"
"","","../services/AdeoHandler","harmony import specifier"
"","","../services/AdeoHandler","harmony import specifier"
"","","../services/AdeoHandler","harmony side effect evaluation"
"","","../services/AdeoHandler","harmony import specifier"
"","","../services/AdeoHandler","harmony import specifier"
"","","./form.scss","harmony side effect evaluation"
"","","../components/KZAuthTemplate","harmony side effect evaluation"
"","","../components/KZAuthTemplate","harmony import specifier"
"","","../../auth-router/models/LogoutMessage","harmony side effect evaluation"
"","","../../auth-router/models/LogoutMessage","harmony import specifier"
"",2576,"./types","harmony side effect evaluation"
"",2576,"./types","harmony side effect evaluation"
"",2576,"./types","harmony side effect evaluation"
"",2576,"./types","harmony side effect evaluation"
"",2576,"./types","harmony side effect evaluation"
"",2576,"./DomClasses/types","harmony side effect evaluation"
"","","./types","harmony side effect evaluation"
"","","./types","harmony side effect evaluation"
"","","./types","harmony side effect evaluation"
"","","./types","harmony side effect evaluation"
"","","./types","harmony side effect evaluation"
"","","./DomClasses/types","harmony side effect evaluation"
8807,8807,"","cjs self exports reference"
8807,110,"./_ie8-dom-define","cjs require"
8807,6147,"./_ie8-dom-define","cjs require"
3777,3777,"","cjs self exports reference"
3777,8807,"./_dom-create","cjs require"
3777,2073,"./_dom-create","cjs require"
3777,4010,"./_dom-create","cjs require"
3129,3129,"","cjs self exports reference"
3129,5603,"./_function-to-string","cjs require"
9604,153,"./_object-keys-internal","cjs require"
9604,9604,"","cjs self exports reference"
9604,5480,"./_object-keys-internal","cjs require"
631,2073,"./_shared-key","cjs require"
631,4277,"./_shared-key","cjs require"
631,9604,"./_shared-key","cjs require"
631,631,"","cjs self exports reference"
7357,7357,"","cjs self exports reference"
7357,2073,"./_enum-bug-keys","cjs require"
7357,153,"./_enum-bug-keys","cjs full require"
7357,5480,"./_enum-bug-keys","cjs require"
6533,2414,"./_invoke","cjs require"
6533,6533,"","cjs self exports reference"
6533,4010,"./_invoke","cjs require"
4530,2068,"./_string-ws","cjs require"
4530,4520,"./_string-ws","cjs require"
4530,9876,"./_string-ws","cjs require"
4530,4530,"","cjs self exports reference"
4020,4020,"","cjs self exports reference"
4020,6927,"./_array-species-constructor","cjs require"
3937,3937,"","cjs self exports reference"
3937,7804,"./_to-index","cjs require"
3937,2797,"./_to-index","cjs require"
"","","./toPrimitive.js","harmony side effect evaluation"
"","","./toPrimitive.js","harmony import specifier"
"","","./typeof.js","harmony side effect evaluation"
"","","./typeof.js","harmony import specifier"
"","","./typeof.js","harmony import specifier"
"","","./typeof.js","harmony side effect evaluation"
"","","./typeof.js","harmony import specifier"
3589,"","axios","harmony side effect evaluation"
3589,"","axios","harmony import specifier"
3589,6656,"axios","harmony side effect evaluation"
3589,6656,"axios","harmony import specifier"
3589,2576,"axios","harmony side effect evaluation"
3589,2576,"axios","harmony import specifier"
650,5381,"./dotenv","cjs require"
"","","./EventSwitcher","harmony side effect evaluation"
"","","./EventSwitcher","harmony import specifier"
"","","./DomRegions","harmony side effect evaluation"
"","","./DomRegions","harmony import specifier"
"","","./DomRegions","harmony side effect evaluation"
"","","./DomRegions","harmony import specifier"
"","","./DomRegions","harmony import specifier"
"","","../../assets/pic_login.svg","harmony side effect evaluation"
"","","../../assets/pic_login.svg","harmony import specifier"
"","","../../../ldap-auth-scripts/models/SToken","harmony side effect evaluation"
"","","../../../ldap-auth-scripts/models/SToken","harmony import specifier"
4362,6656,"!!../../../../node_modules/css-loader/dist/cjs.js!../../../../node_modules/sass-loader/dist/cjs.js!./form.scss","harmony side effect evaluation"
4362,6656,"!!../../../../node_modules/css-loader/dist/cjs.js!../../../../node_modules/sass-loader/dist/cjs.js!./form.scss","harmony import specifier"
4362,6656,"!!../../../../node_modules/css-loader/dist/cjs.js!../../../../node_modules/sass-loader/dist/cjs.js!./form.scss","harmony import specifier"
4362,"","!!../../../../node_modules/css-loader/dist/cjs.js!../../../../node_modules/sass-loader/dist/cjs.js!./form.scss","harmony side effect evaluation"
4362,"","!!../../../../node_modules/css-loader/dist/cjs.js!../../../../node_modules/sass-loader/dist/cjs.js!./form.scss","harmony import specifier"
4362,"","!!../../../../node_modules/css-loader/dist/cjs.js!../../../../node_modules/sass-loader/dist/cjs.js!./form.scss","harmony import specifier"
9373,3589,"./lib/axios","cjs export require"
9373,9373,"","cjs self exports reference"
"","","./DomShops","harmony side effect evaluation"
"","","./DomShops","harmony import specifier"
1908,"","react","harmony side effect evaluation"
1908,"","react","harmony import specifier"
1908,"","react","harmony import specifier"
1908,"","react","harmony import specifier"
1908,"","react","harmony import specifier"
1908,"","react","harmony import specifier"
1908,"","react","harmony import specifier"
1908,"","react","harmony import specifier"
1908,"","react","harmony import specifier"
1908,"","react","harmony import specifier"
1908,"","react","harmony import specifier"
1908,"","react","harmony import specifier"
1908,"","react","harmony import specifier"
1908,"","react","harmony import specifier"
1908,"","react","harmony import specifier"
1908,"","react","harmony import specifier"
1908,"","react","harmony import specifier"
1908,"","react","harmony import specifier"
1908,7142,"react","harmony side effect evaluation"
1908,7142,"react","harmony import specifier"
1908,7142,"react","harmony import specifier"
1908,7142,"react","harmony import specifier"
1908,7142,"react","harmony import specifier"
1908,7142,"react","harmony import specifier"
1908,7142,"react","harmony import specifier"
1908,7142,"react","harmony import specifier"
1908,7142,"react","harmony import specifier"
1908,7142,"react","harmony import specifier"
1908,7142,"react","harmony import specifier"
1908,7142,"react","harmony import specifier"
1908,7142,"react","harmony import specifier"
1908,7142,"react","harmony import specifier"
1908,7142,"react","harmony import specifier"
1908,7142,"react","harmony import specifier"
1908,7142,"react","harmony import specifier"
1908,7142,"react","harmony import specifier"
2491,7688,"./../utils","cjs require"
2491,9373,"./utils","cjs require"
2491,1041,"./../utils","cjs require"
2491,6814,"./../utils","cjs require"
2491,5437,"./../utils","cjs require"
2491,4534,"./../utils","cjs require"
2491,2345,"./utils","cjs require"
2491,5821,"./../utils","cjs require"
2491,5029,"./../utils","cjs require"
2491,2792,"./../utils","cjs require"
2491,3174,"../utils","cjs require"
2491,274,"./../utils","cjs require"
2491,2491,"","cjs self exports reference"
239,9373,"./helpers/bind","cjs require"
239,239,"","cjs self exports reference"
239,2491,"./helpers/bind","cjs require"
1041,9373,"./core/Axios","cjs require"
1041,1041,"","cjs self exports reference"
2345,9373,"./defaults","cjs require"
2345,1041,"./../defaults","cjs require"
2345,5437,"../defaults","cjs require"
2345,2345,"","cjs self exports reference"
95,9373,"./cancel/isCancel","cjs require"
95,95,"","cjs self exports reference"
95,5437,"../cancel/isCancel","cjs require"
1612,9373,"./cancel/Cancel","cjs require"
1612,1612,"","cjs self exports reference"
1612,6983,"./Cancel","cjs require"
6983,9373,"./cancel/CancelToken","cjs require"
6983,6983,"","cjs self exports reference"
8181,9373,"./helpers/spread","cjs require"
8181,8181,"","cjs self exports reference"
2159,2159,"","cjs self exports reference"
2159,1908,"./cjs/react.production.min.js","cjs export require"
2864,2491,"is-buffer","cjs require"
2864,2864,"","cjs self exports reference"
3174,2345,"./helpers/normalizeHeaderName","cjs require"
3174,3174,"","cjs self exports reference"
7688,7688,"","cjs self exports reference"
7688,2345,"./adapters/xhr","cjs require"
7688,2345,"./adapters/http","cjs require"
6814,1041,"./InterceptorManager","cjs require"
6814,6814,"","cjs self exports reference"
5437,1041,"./dispatchRequest","cjs require"
5437,5437,"","cjs self exports reference"
6724,6724,"","cjs self exports reference"
6724,2159,"object-assign","cjs require"
2647,7688,"./../core/settle","cjs require"
2647,2647,"","cjs self exports reference"
6755,7688,"../core/createError","cjs require"
6755,6755,"","cjs self exports reference"
6755,2647,"./createError","cjs require"
5821,7688,"./../helpers/buildURL","cjs require"
5821,5821,"","cjs self exports reference"
274,7688,"./../helpers/parseHeaders","cjs require"
274,274,"","cjs self exports reference"
2792,7688,"./../helpers/isURLSameOrigin","cjs require"
2792,2792,"","cjs self exports reference"
8221,7688,"./../helpers/btoa","cjs require"
8221,8221,"","cjs self exports reference"
5029,7688,"./../helpers/cookies","cjs require"
5029,5029,"","cjs self exports reference"
4534,5437,"./transformData","cjs require"
4534,4534,"","cjs self exports reference"
6836,5437,"./../helpers/isAbsoluteURL","cjs require"
6836,6836,"","cjs self exports reference"
6677,5437,"./../helpers/combineURLs","cjs require"
6677,6677,"","cjs self exports reference"
1018,6755,"./enhanceError","cjs require"
1018,1018,"","cjs self exports reference"